date,state,gender,pet,age,petexpense
2019-10-12,NJ,female,dog,54,790.84
2019-10-05,PA,female,cat,31,478.58
2019-10-05,NY,male,dog,46,765.83
2019-09-21,NY,male,dog,55,316.05
2019-10-12,CT,female,cat,31,66.54
2019-09-28,PA,male,cat,45,461.4
2019-09-28,CT,male,bird,49,951.4
2019-09-28,CT,male,cat,42,214.73
2019-09-21,NJ,male,cat,31,385.62
2019-10-05,CT,female,dog,31,35.08
2019-09-14,NY,male,dog,35,255.64
2019-09-28,NY,female,cat,53,19.6
2019-09-14,CT,female,cat,39,620.65
2019-09-21,NY,female,cat,28,706.22
2019-10-05,NY,female,bird,59,132.22
2019-09-14,NY,male,dog,22,337.3
2019-10-05,CT,female,cat,48,118.71
2019-09-28,NY,male,cat,63,620.97
2019-09-07,NJ,male,cat,56,553.95
2019-09-28,NY,female,dog,47,1211.84
2019-09-28,PA,female,cat,50,255.04
2019-09-28,NJ,male,dog,43,527.05
2019-10-05,NY,female,cat,35,354.27
2019-09-14,NJ,female,cat,27,406.9
2019-10-05,PA,female,cat,49,1257.98
2019-09-14,NY,male,bird,39,96.18
2019-09-28,CT,female,dog,27,483.29
2019-10-12,NJ,female,cat,42,636.69
2019-09-07,NJ,female,cat,36,651.62
2019-09-07,NJ,male,cat,38,327.63
2019-10-05,NY,male,dog,27,173.0
2019-09-21,CT,male,cat,34,401.7
2019-10-05,PA,male,cat,62,871.41
2019-10-12,NY,female,dog,44,353.19
2019-09-14,NY,male,cat,36,48.28
2019-09-21,NY,male,cat,57,232.93
2019-09-28,NY,female,cat,47,450.54
2019-09-28,NJ,female,dog,46,372.79
2019-09-28,NY,female,dog,37,549.46
2019-09-21,NJ,female,cat,24,715.13
2019-10-12,CT,female,cat,36,541.03
2019-10-05,NJ,female,dog,58,344.75
2019-09-21,NY,female,cat,34,603.03
2019-10-12,NJ,female,dog,20,695.01
2019-10-12,CT,female,dog,54,333.98
2019-10-05,NY,male,cat,35,567.51
2019-09-07,NY,female,cat,33,580.98
2019-10-12,PA,male,cat,28,632.45
2019-09-21,CT,male,bird,54,150.11
2019-10-05,NY,male,dog,31,505.78
2019-09-07,NJ,male,cat,39,573.17
2019-09-07,NJ,male,dog,39,891.82
2019-09-28,PA,female,dog,40,97.49
2019-10-05,NJ,female,cat,35,442.13
2019-09-07,NJ,female,cat,33,885.0
2019-09-21,PA,male,bird,29,920.04
2019-10-12,CT,male,dog,34,579.14
2019-10-12,PA,female,cat,46,581.99
2019-09-28,NY,male,cat,49,227.11
2019-09-07,NJ,male,dog,24,250.22
2019-09-28,NY,male,cat,36,103.94
2019-09-07,NJ,female,cat,27,837.03
2019-09-21,PA,male,dog,35,492.65
2019-09-21,CT,male,dog,39,706.14
2019-09-21,NY,male,cat,45,219.5
2019-09-28,CT,female,dog,57,332.57
2019-09-21,NY,male,dog,41,544.12
2019-09-14,NY,female,dog,44,637.65
2019-10-12,PA,female,cat,38,159.86
2019-10-12,CT,female,cat,58,731.85
2019-09-14,CT,male,bird,52,329.36
2019-10-12,PA,male,dog,45,951.25
2019-09-14,NY,female,cat,53,745.14
2019-10-12,PA,male,dog,45,814.15
2019-09-28,PA,male,bird,42,245.03
2019-09-14,PA,female,cat,39,127.32
2019-09-14,NY,female,cat,44,149.69
2019-09-14,NJ,female,dog,49,647.46
2019-10-05,NY,male,cat,48,408.32
2019-09-28,PA,male,dog,33,751.52
2019-09-28,CT,male,cat,46,506.21
2019-10-12,NY,female,dog,29,244.76
2019-10-05,PA,male,cat,34,231.47
2019-09-28,NY,male,dog,23,67.15
2019-10-12,CT,female,bird,39,62.8
2019-09-07,NJ,female,cat,36,394.0
2019-09-28,NY,male,cat,40,623.13
2019-10-12,CT,male,cat,44,581.86
2019-09-28,NJ,male,cat,29,621.56
2019-09-07,CT,male,cat,45,531.79
2019-10-05,CT,female,cat,39,499.27
2019-09-07,NY,male,dog,65,92.09
2019-09-14,CT,male,bird,31,1040.8
2019-09-28,PA,male,dog,50,363.12
2019-09-14,CT,female,cat,43,626.4
2019-09-14,PA,male,bird,36,248.68
2019-09-14,PA,female,cat,21,662.87
2019-09-07,NY,male,cat,36,654.01
2019-09-21,PA,male,dog,42,92.43
2019-09-21,NJ,male,cat,39,903.96
2019-09-28,PA,female,dog,45,626.93
2019-09-07,CT,female,cat,48,551.52
2019-09-14,CT,male,cat,48,987.06
2019-09-21,PA,male,cat,43,603.13
2019-10-12,NY,male,dog,44,701.86
2019-10-05,PA,female,cat,66,638.42
2019-10-12,NJ,female,cat,34,133.02
2019-10-12,NY,male,dog,51,331.41
2019-09-07,CT,female,dog,37,812.13
2019-10-05,NJ,female,dog,32,744.03
2019-09-28,NJ,female,dog,38,555.42
2019-09-21,PA,male,dog,41,534.58
2019-09-28,PA,male,cat,53,428.33
2019-09-28,NY,female,dog,26,809.66
2019-10-12,CT,female,cat,49,148.5
2019-09-07,PA,male,dog,51,312.71
2019-09-28,NJ,male,dog,54,405.78
2019-09-14,CT,female,dog,27,400.22
2019-10-05,PA,female,cat,30,443.45
2019-10-05,NJ,female,bird,55,280.85
2019-10-05,PA,female,cat,23,308.11
2019-09-21,NJ,female,dog,30,131.8
2019-10-12,NY,female,dog,27,26.32
2019-09-21,NJ,female,dog,39,673.15
2019-09-21,NY,female,cat,29,258.17
2019-09-28,NY,male,dog,46,768.97
2019-09-28,NJ,male,dog,50,401.62
2019-10-12,PA,male,cat,30,438.66
2019-09-07,NJ,female,dog,62,200.78
2019-09-28,PA,female,bird,29,195.64
2019-09-28,NY,female,cat,44,836.87
2019-09-07,NY,female,cat,44,242.78
2019-10-05,CT,male,cat,37,370.76
2019-09-14,CT,female,dog,41,155.73
2019-10-12,NJ,male,cat,53,672.29
2019-09-14,CT,male,dog,22,540.21
2019-09-28,PA,male,cat,36,369.34
2019-09-28,PA,female,cat,42,904.75
2019-10-12,PA,female,cat,48,317.78
2019-09-21,NJ,female,cat,42,411.12
2019-09-07,CT,female,dog,35,438.15
2019-10-12,CT,female,dog,53,448.28
2019-09-14,CT,male,cat,31,745.44
2019-10-12,NJ,female,dog,53,436.45
2019-09-28,NY,female,dog,43,373.52
2019-09-07,PA,female,cat,39,623.21
2019-10-12,NY,female,dog,36,636.63
2019-10-05,NJ,male,cat,26,714.56
2019-10-05,PA,female,cat,28,743.59
2019-09-21,CT,male,cat,48,639.49
2019-09-14,PA,male,dog,37,662.06
2019-10-05,NJ,female,dog,40,394.51
2019-09-14,CT,male,dog,28,613.4
2019-09-07,NY,female,cat,57,437.79
2019-09-07,NY,female,dog,47,811.75
2019-09-07,PA,female,cat,51,670.09
2019-09-14,NJ,male,dog,37,419.1
2019-10-05,CT,male,dog,44,303.98
2019-10-05,PA,male,cat,32,635.73
2019-09-28,PA,female,dog,38,485.89
2019-09-14,NY,male,dog,48,840.16
2019-10-05,PA,female,bird,46,800.16
2019-09-07,NY,male,dog,50,849.73
2019-09-28,CT,female,bird,38,861.26
2019-10-05,CT,female,cat,12,536.52
2019-09-28,NY,female,dog,35,585.36
2019-09-07,NJ,female,dog,39,367.76
2019-09-28,NJ,male,dog,26,531.58
2019-10-05,NJ,female,cat,44,131.81
2019-09-21,CT,female,dog,34,297.01
2019-09-14,CT,male,cat,37,127.56
2019-10-12,NJ,male,dog,63,620.01
2019-10-12,NJ,male,cat,51,225.15
2019-09-14,PA,male,cat,46,792.12
2019-10-05,CT,male,cat,35,553.34
2019-09-14,PA,female,dog,33,709.63
2019-10-12,NY,female,cat,28,281.97
2019-09-21,PA,male,dog,41,801.04
2019-09-21,NY,male,dog,48,239.69
2019-10-12,NJ,female,dog,40,399.26
2019-09-14,PA,female,cat,36,248.7
2019-09-28,CT,female,cat,27,106.79
2019-10-12,CT,male,cat,39,617.86
2019-09-28,NY,male,bird,72,339.28
2019-09-14,NY,female,cat,30,490.17
2019-10-12,NJ,female,dog,62,355.77
2019-10-12,NY,female,cat,23,546.46
2019-09-21,CT,male,cat,42,676.78
2019-09-21,NY,female,cat,36,330.86
2019-10-05,NJ,female,dog,44,49.22
2019-09-14,NY,female,dog,49,232.86
2019-09-14,NY,female,cat,39,320.54
2019-09-14,NY,male,cat,43,713.54
2019-09-14,NJ,female,cat,27,306.81
2019-10-05,NY,female,dog,32,460.03
2019-09-28,NY,male,cat,53,371.27
2019-10-05,PA,male,cat,55,877.09
2019-09-14,NJ,female,dog,31,424.44
2019-10-12,NJ,male,dog,40,581.87
2019-09-28,CT,male,dog,49,365.73
2019-09-07,NY,female,dog,46,513.72
2019-10-05,NY,female,cat,44,470.62
2019-09-07,NY,male,cat,47,479.85
2019-10-12,CT,female,cat,45,957.64
2019-09-21,NJ,male,dog,35,591.5
2019-10-12,PA,female,dog,50,547.87
2019-10-05,PA,male,cat,55,591.5
2019-09-28,PA,female,cat,22,359.33
2019-09-28,NY,female,cat,32,566.36
2019-10-12,NJ,female,cat,54,290.42
2019-09-14,NJ,female,dog,45,523.95
2019-09-14,PA,female,cat,60,368.96
2019-09-14,PA,male,cat,54,682.06
2019-09-07,NY,female,cat,43,712.55
2019-09-21,PA,female,dog,49,50.85
2019-10-12,NJ,female,bird,43,441.13
2019-09-21,PA,female,cat,34,47.34
2019-09-28,PA,male,bird,48,1013.97
2019-09-28,CT,female,cat,36,501.81
2019-09-07,PA,female,cat,41,840.89
2019-09-14,PA,female,bird,44,108.03
2019-09-14,NY,female,dog,41,1180.06
2019-09-28,NJ,female,cat,17,542.86
2019-10-12,PA,female,cat,24,284.13
2019-09-21,CT,male,cat,22,388.25
2019-09-21,NY,male,dog,51,715.85
2019-10-05,PA,female,dog,44,473.98
2019-09-21,NY,female,dog,49,694.03
2019-09-28,PA,male,bird,47,1158.89
2019-10-05,NJ,female,dog,48,197.63
2019-09-21,NJ,female,cat,59,234.57
2019-09-21,CT,female,dog,38,649.3
2019-09-14,NJ,male,cat,42,766.51
2019-09-07,PA,male,cat,20,802.48
2019-10-12,CT,female,cat,46,393.98
2019-09-07,PA,female,cat,48,688.94
2019-10-05,NY,male,dog,61,281.26
2019-09-21,NJ,female,cat,35,405.5
2019-10-05,NY,female,cat,36,468.83
2019-10-05,PA,male,cat,31,130.33
2019-10-12,NY,male,cat,44,604.79
2019-10-12,CT,female,cat,35,470.45
2019-09-07,NJ,female,cat,52,541.53
2019-10-05,PA,male,dog,34,664.53
2019-09-14,NJ,male,cat,48,233.99
2019-09-28,NY,female,dog,38,64.7
2019-09-07,PA,male,cat,45,858.03
2019-09-07,PA,male,cat,22,672.18
2019-10-05,NJ,female,cat,25,439.05
2019-09-14,CT,female,cat,36,601.37
2019-09-21,NY,male,cat,27,1293.67
2019-09-07,NJ,female,cat,50,430.31
2019-09-14,CT,female,dog,52,337.01
2019-10-12,CT,female,cat,31,576.34
2019-09-14,PA,male,cat,40,941.2
2019-09-28,PA,male,cat,44,213.32
2019-10-12,CT,male,cat,58,626.71
2019-10-05,PA,female,dog,52,239.14
2019-10-12,NJ,female,cat,51,752.66
2019-09-14,PA,male,dog,35,691.26
2019-09-28,PA,male,dog,26,126.15
2019-09-07,NJ,female,bird,48,625.26
2019-09-14,NJ,female,bird,42,462.52
2019-09-28,PA,female,cat,30,223.75
2019-09-21,NJ,male,dog,36,691.0
2019-10-05,NJ,female,dog,30,85.02
2019-09-07,NJ,female,cat,48,101.67
2019-09-21,NJ,male,bird,35,215.88
2019-09-07,NJ,female,dog,36,88.81
2019-09-28,CT,male,cat,55,427.64
2019-09-28,CT,male,dog,32,94.53
2019-09-07,PA,female,cat,42,607.45
2019-09-28,CT,female,cat,45,669.65
2019-09-21,CT,female,cat,22,584.89
2019-09-14,CT,male,cat,54,107.9
2019-10-05,NY,male,dog,40,833.53
2019-10-12,NY,female,cat,35,426.92
2019-10-12,PA,female,cat,49,492.24
2019-10-12,NJ,male,dog,21,971.1
2019-09-07,PA,male,cat,50,260.54
2019-09-14,NJ,female,cat,30,33.85
2019-10-12,PA,female,dog,45,869.14
2019-09-28,NJ,female,bird,48,398.94
2019-09-07,CT,male,dog,43,565.26
2019-10-05,CT,female,cat,27,449.24
2019-10-05,NY,male,cat,46,438.74
2019-09-21,PA,female,dog,21,132.29
2019-10-12,CT,female,cat,52,760.38
2019-09-28,PA,male,dog,43,733.95
2019-09-21,CT,female,dog,37,284.03
2019-09-14,PA,male,bird,58,292.04
2019-09-07,NY,female,cat,48,300.11
2019-10-12,NY,male,dog,57,261.76
2019-09-21,NJ,female,cat,49,693.27
2019-09-28,NY,female,bird,36,556.17
2019-09-14,CT,male,dog,33,397.96
2019-10-12,NJ,female,cat,31,635.65
2019-10-12,CT,male,cat,46,488.39
2019-09-14,NJ,female,cat,49,502.74
2019-09-28,NJ,female,dog,35,462.05
2019-09-07,CT,male,cat,63,971.77
2019-10-12,NJ,male,bird,46,546.62
2019-10-12,NY,female,cat,51,88.0
2019-09-28,CT,female,dog,42,407.37
2019-10-12,NY,female,dog,30,358.88
2019-10-12,NY,female,cat,48,207.95
2019-10-12,PA,female,cat,35,705.11
2019-09-14,NY,female,cat,42,438.84
2019-09-07,CT,male,dog,33,462.73
2019-09-14,PA,female,bird,50,218.77
2019-09-21,NJ,female,cat,44,170.65
2019-09-21,PA,female,cat,35,610.91
2019-10-05,CT,female,dog,56,584.64
2019-10-12,CT,female,cat,13,604.71
2019-10-12,NY,female,bird,50,327.75
2019-10-12,PA,female,bird,51,945.2
2019-10-12,NY,male,dog,67,363.99
2019-09-21,NY,female,dog,27,387.89
2019-10-12,NJ,female,bird,46,338.66
2019-09-21,NJ,female,cat,49,511.54
2019-09-21,CT,female,cat,34,121.99
2019-09-21,NJ,male,dog,41,460.95
2019-09-21,NY,male,bird,51,385.59
2019-09-07,NY,female,dog,55,558.69
2019-09-21,PA,male,bird,45,368.72
2019-09-07,NJ,male,dog,32,718.06
2019-09-28,NJ,female,cat,49,720.73
2019-10-12,NJ,female,cat,31,856.9
2019-09-14,NJ,male,cat,34,547.38
2019-09-07,CT,male,cat,45,599.06
2019-10-05,NJ,female,dog,33,318.92
2019-10-05,NY,female,cat,30,467.58
2019-09-07,CT,male,cat,38,0.37
2019-09-28,PA,male,cat,38,535.87
2019-09-28,PA,male,dog,45,428.72
2019-09-28,NJ,female,bird,33,306.68
2019-09-14,NY,female,cat,61,533.3
2019-10-12,NY,female,cat,30,505.3
2019-09-07,CT,female,cat,44,790.22
2019-09-28,NY,female,dog,28,674.97
2019-09-07,CT,male,dog,35,467.71
2019-09-14,NY,male,cat,27,199.07
2019-09-21,NY,male,dog,16,122.64
2019-10-12,PA,female,cat,35,208.22
2019-09-07,NJ,female,cat,26,466.54
2019-10-05,NY,female,cat,44,137.79
2019-09-28,PA,female,dog,28,522.4
2019-09-21,CT,male,cat,38,354.26
2019-10-12,NJ,female,cat,45,664.77
2019-10-12,NJ,male,dog,49,492.81
2019-09-14,CT,female,bird,41,557.23
2019-10-12,PA,male,cat,39,449.93
2019-09-14,NJ,female,cat,23,551.77
2019-10-12,PA,male,cat,31,708.32
2019-09-07,PA,female,cat,41,690.66
2019-10-12,CT,male,bird,37,784.1
2019-09-28,NJ,female,dog,27,717.57
2019-10-05,PA,female,bird,34,168.03
2019-10-05,CT,female,cat,45,118.22
2019-10-05,CT,male,dog,47,1005.9
2019-10-05,PA,female,dog,45,579.63
2019-09-21,NJ,male,cat,43,378.59
2019-09-07,PA,male,cat,36,681.14
2019-09-28,NJ,male,bird,57,832.7
2019-10-05,NY,female,cat,40,403.11
2019-09-28,NY,male,cat,48,382.45
2019-09-28,NJ,female,cat,39,291.87
2019-10-05,NY,female,bird,48,462.6
2019-09-28,PA,female,cat,44,335.85
2019-09-14,NJ,male,dog,49,677.92
2019-10-05,PA,male,dog,52,484.3
2019-09-21,PA,male,cat,38,409.53
2019-10-12,NY,female,cat,47,626.06
2019-10-05,NY,female,bird,65,171.22
2019-09-14,NJ,male,dog,32,162.39
2019-10-05,NJ,female,cat,38,541.73
2019-09-14,NJ,female,dog,41,219.05
2019-09-28,NJ,male,dog,33,834.81
2019-09-14,NJ,male,dog,58,682.91
2019-09-07,PA,male,cat,49,366.8
2019-09-28,CT,male,cat,44,456.29
2019-09-28,PA,male,cat,46,428.12
2019-09-14,CT,male,cat,36,759.94
2019-09-07,PA,male,dog,47,378.87
2019-10-12,PA,female,dog,41,61.13
2019-09-07,CT,male,cat,43,694.5
2019-09-21,PA,male,cat,35,251.87
2019-09-21,NY,female,cat,35,272.67
2019-09-07,CT,male,dog,35,175.55
2019-10-12,PA,female,cat,45,568.91
2019-09-14,CT,female,cat,54,546.53
2019-09-07,CT,male,dog,52,272.53
2019-09-07,CT,female,dog,41,37.7
2019-10-12,NJ,male,cat,48,1109.06
2019-09-21,CT,female,dog,36,173.68
2019-09-07,NJ,female,cat,43,550.72
2019-09-07,PA,male,dog,31,514.6
2019-10-12,CT,female,cat,64,677.52
2019-09-07,CT,male,dog,46,201.12
2019-10-12,CT,male,dog,29,916.6
2019-10-12,NY,male,dog,32,615.48
2019-09-14,CT,female,dog,55,365.29
2019-09-21,NY,male,dog,34,561.01
2019-09-28,NJ,female,cat,44,406.11
2019-09-14,NY,male,dog,32,502.98
2019-09-14,CT,female,cat,57,582.34
2019-10-12,CT,female,cat,34,656.71
2019-10-12,NJ,male,dog,32,511.33
2019-09-14,PA,female,cat,44,689.45
2019-09-07,CT,male,dog,40,672.29
2019-10-12,CT,female,dog,21,384.37
2019-09-28,PA,female,cat,39,414.24
2019-09-14,NY,male,cat,50,904.38
2019-09-28,NJ,male,cat,50,534.08
2019-09-07,NY,female,dog,32,322.43
2019-09-28,PA,male,dog,50,516.27
2019-09-28,PA,female,cat,29,645.37
2019-10-05,NY,male,dog,50,959.05
2019-09-14,CT,female,cat,52,47.83
2019-10-05,NJ,male,dog,56,35.1
2019-09-07,NY,female,bird,41,313.7
2019-09-14,NY,female,dog,39,795.48
2019-09-14,NJ,female,cat,24,412.71
2019-09-07,NJ,male,cat,50,276.79
2019-10-05,PA,male,bird,46,604.06
2019-10-05,NJ,male,dog,44,512.46
2019-09-14,NJ,male,dog,29,603.63
2019-09-14,NJ,female,dog,55,1004.62
2019-10-12,PA,female,cat,40,0.99
2019-10-12,CT,female,cat,59,393.07
2019-09-07,NJ,female,cat,28,685.37
2019-09-21,PA,female,dog,23,129.23
2019-10-05,NY,male,bird,39,779.87
2019-09-14,CT,female,bird,28,614.42
2019-10-05,PA,male,cat,37,587.66
2019-09-14,NJ,female,dog,22,73.17
2019-10-12,PA,female,cat,46,432.54
2019-09-14,NY,female,cat,52,653.38
2019-09-28,CT,male,dog,49,281.25
2019-09-14,CT,female,cat,53,426.94
2019-09-28,NY,female,cat,48,367.2
2019-10-05,NJ,female,cat,49,677.18
2019-10-12,PA,female,dog,21,627.37
2019-09-14,CT,female,dog,64,711.69
2019-09-28,CT,male,cat,66,25.76
2019-09-14,NY,male,dog,37,916.3
2019-10-12,NJ,female,cat,39,524.33
2019-09-07,NY,female,cat,41,592.37
2019-09-28,PA,female,dog,36,137.1
2019-09-21,NJ,female,dog,53,519.59
2019-10-05,CT,female,cat,41,669.99
2019-09-07,CT,female,cat,54,102.0
2019-09-07,PA,female,cat,42,219.51
2019-10-05,PA,female,dog,30,976.73
2019-09-28,PA,female,dog,32,1017.5
2019-09-07,CT,female,cat,37,490.06
2019-09-28,NY,female,dog,47,495.54
2019-10-12,NY,female,dog,28,101.4
2019-09-07,PA,male,dog,41,364.96
2019-10-05,PA,female,bird,33,272.61
2019-09-28,PA,male,dog,48,485.37
2019-09-21,CT,female,cat,53,385.63
2019-09-07,PA,male,dog,31,762.26
2019-10-05,NY,female,dog,44,729.95
2019-09-14,PA,male,dog,45,588.65
2019-09-07,NJ,female,cat,45,2.13
2019-09-14,CT,male,cat,31,12.73
2019-09-28,NY,female,cat,42,709.84
2019-10-12,CT,female,dog,55,1122.73
2019-10-05,PA,female,cat,26,493.99
2019-09-21,NJ,male,dog,29,353.76
2019-09-21,NY,male,cat,46,493.34
2019-09-21,CT,female,dog,39,562.67
2019-09-21,CT,female,dog,38,415.64
2019-09-28,CT,female,bird,46,522.64
2019-09-28,PA,female,cat,41,900.09
2019-10-12,CT,male,cat,47,595.35
2019-09-21,NY,male,cat,39,207.47
2019-09-21,NY,female,cat,23,442.74
2019-09-28,PA,male,cat,28,679.96
2019-09-21,CT,female,cat,35,639.73
2019-09-07,PA,female,dog,44,643.01
2019-09-21,NJ,female,cat,31,432.84
2019-09-21,CT,female,bird,32,572.66
2019-10-12,PA,female,dog,36,849.83
2019-09-21,NY,male,cat,28,676.25
2019-09-14,CT,male,cat,53,145.18
2019-10-12,NY,male,dog,30,450.97
2019-10-05,CT,male,dog,29,828.41
2019-10-12,NY,female,cat,23,913.49
2019-10-05,PA,female,dog,33,485.38
2019-09-21,PA,male,cat,37,399.87
2019-09-21,CT,male,cat,29,344.42
2019-10-12,NJ,male,dog,51,537.86
2019-09-28,CT,male,cat,36,534.65
2019-09-07,NJ,male,dog,47,569.44
2019-09-07,NY,male,cat,18,664.51
2019-09-28,CT,female,dog,32,569.89
2019-09-14,CT,female,dog,34,606.68
2019-09-21,CT,male,dog,37,86.38
2019-10-12,NY,female,cat,44,713.46
2019-10-12,CT,female,cat,53,418.65
2019-09-28,CT,male,dog,37,241.76
2019-10-05,NJ,male,dog,33,300.12
2019-09-28,PA,female,dog,27,913.91
2019-10-05,CT,female,cat,41,404.69
2019-10-12,NJ,female,dog,57,587.82
2019-09-07,NY,male,dog,43,419.79
2019-09-21,CT,male,dog,46,317.31
2019-09-14,NJ,male,dog,37,197.72
2019-09-07,CT,male,cat,49,400.3
2019-10-12,CT,female,dog,39,698.6
2019-09-14,PA,female,dog,46,961.33
2019-10-12,PA,male,bird,25,357.44
2019-09-14,NY,male,cat,38,447.98
2019-10-05,NJ,male,cat,16,703.58
2019-09-07,NY,female,cat,31,132.19
2019-09-07,PA,male,dog,40,533.3
2019-10-05,PA,male,dog,34,338.5
2019-10-05,CT,female,cat,48,432.48
2019-09-28,PA,female,bird,30,831.25
2019-10-12,NJ,female,cat,44,435.61
2019-10-05,PA,female,bird,18,373.57
2019-09-14,PA,female,bird,37,389.35
2019-09-21,NJ,female,cat,41,343.94
2019-10-05,PA,female,cat,40,809.83
2019-09-28,PA,female,cat,33,750.13
2019-09-07,NY,male,bird,39,661.74
2019-09-07,PA,male,cat,43,768.7
2019-10-05,NJ,female,cat,39,539.89
2019-10-12,NJ,female,cat,40,385.76
2019-09-21,NJ,female,dog,24,484.16
2019-09-14,NJ,female,dog,41,661.95
2019-09-21,NJ,male,dog,33,276.18
2019-09-21,NY,male,cat,28,35.81
2019-09-07,NJ,male,cat,34,870.83
2019-09-28,NJ,male,dog,43,356.68
2019-10-12,NY,female,dog,40,85.14
2019-09-28,NJ,male,dog,54,265.24
2019-09-28,PA,male,cat,19,591.29
2019-09-28,NY,male,cat,47,364.68
2019-09-28,CT,female,bird,44,307.11
2019-09-07,NJ,male,cat,34,721.27
2019-10-12,PA,female,cat,32,507.21
2019-09-21,NY,male,dog,39,170.15
2019-09-28,CT,female,dog,27,797.57
2019-10-12,NY,male,dog,38,545.37
2019-10-05,NY,male,cat,40,575.46
2019-09-21,PA,female,cat,29,744.61
2019-10-12,NY,female,dog,17,447.45
2019-10-12,CT,female,cat,41,505.17
2019-09-07,NJ,male,dog,49,605.59
2019-09-14,CT,male,dog,23,331.93
2019-10-12,PA,female,dog,67,825.48
2019-09-28,NY,female,dog,39,628.01
2019-09-07,CT,female,dog,44,372.83
2019-09-14,PA,male,dog,36,771.93
2019-09-21,CT,female,dog,52,581.97
2019-09-21,NJ,female,dog,35,979.39
2019-09-07,NJ,female,cat,46,782.68
2019-10-12,NJ,male,cat,48,547.15
2019-09-21,CT,male,dog,22,290.84
2019-09-14,PA,male,dog,43,359.77
2019-09-14,NJ,female,dog,44,1106.97
2019-09-07,NY,female,cat,39,221.07
2019-09-07,CT,female,cat,36,619.06
2019-10-05,CT,female,cat,38,765.46
2019-10-12,CT,female,bird,43,391.82
2019-09-21,CT,male,dog,50,161.85
2019-10-05,NJ,female,cat,50,528.17
2019-09-14,NJ,female,cat,42,500.77
2019-09-21,CT,female,dog,39,755.96
2019-10-12,NY,male,cat,40,259.15
2019-10-12,CT,female,cat,42,223.83
2019-09-14,NJ,female,cat,53,210.99
2019-09-28,NY,male,dog,43,661.14
2019-10-05,CT,male,dog,44,654.74
2019-10-05,NY,male,cat,47,457.12
2019-10-05,NJ,male,dog,48,502.61
2019-09-07,CT,male,dog,32,407.75
2019-09-07,CT,male,dog,16,83.48
2019-09-14,NJ,male,dog,40,894.51
2019-09-21,NJ,female,cat,37,61.49
2019-09-07,CT,male,dog,27,502.97
2019-09-21,NY,male,dog,56,560.89
2019-10-12,PA,male,cat,51,622.45
2019-09-07,CT,female,dog,52,254.86
2019-09-07,CT,female,cat,39,282.79
2019-09-21,NY,male,dog,36,360.82
2019-09-14,CT,female,dog,32,25.64
2019-10-05,NJ,female,dog,44,578.61
2019-10-12,PA,female,cat,44,598.03
2019-09-28,NY,female,cat,45,726.72
2019-09-14,NJ,female,dog,37,1067.08
2019-09-21,CT,male,cat,33,433.9
2019-10-05,NJ,female,bird,29,520.61
2019-09-07,NJ,female,bird,39,257.34
2019-10-05,NJ,male,dog,38,352.05
2019-09-21,NY,female,cat,43,835.72
2019-09-14,NJ,male,bird,50,490.79
2019-09-28,CT,female,dog,31,1191.3
2019-09-07,NY,male,cat,43,369.31
2019-09-28,NY,male,bird,37,276.03
2019-09-28,PA,female,cat,52,976.68
2019-09-07,NJ,male,bird,56,899.42
2019-09-14,NJ,male,cat,33,535.4
2019-09-07,CT,male,cat,27,848.31
2019-10-12,NY,female,dog,50,284.64
2019-09-14,CT,male,cat,44,488.88
2019-10-12,PA,female,dog,27,365.35
2019-09-07,PA,female,dog,49,640.48
2019-10-12,PA,male,cat,42,324.01
2019-10-12,CT,female,dog,33,439.63
2019-09-07,NY,male,dog,37,630.98
2019-10-05,NY,male,dog,21,800.65
2019-09-28,NJ,female,cat,38,609.89
2019-09-28,NJ,female,dog,40,278.65
2019-10-12,CT,female,dog,38,519.72
2019-09-28,NY,female,bird,33,10.07
2019-10-05,CT,female,cat,35,110.56
2019-10-05,NY,male,cat,56,131.54
2019-10-05,CT,female,dog,33,22.17
2019-09-21,NJ,female,dog,50,94.65
2019-09-28,NJ,female,dog,29,198.34
2019-09-14,NJ,male,dog,44,379.98
2019-09-28,CT,female,cat,52,431.79
2019-09-28,CT,female,cat,53,856.86
2019-09-28,NJ,male,cat,41,402.47
2019-09-21,NJ,female,dog,26,538.41
2019-09-21,PA,female,dog,21,645.85
2019-09-28,NY,male,cat,44,335.86
2019-09-07,CT,male,bird,47,665.81
2019-09-21,PA,female,cat,43,867.73
2019-09-07,NY,female,cat,36,719.37
2019-09-14,PA,female,cat,30,762.62
2019-09-28,PA,male,cat,19,742.4
2019-09-28,NY,male,dog,40,689.78
2019-10-05,CT,female,bird,47,736.82
2019-10-05,NJ,male,cat,34,526.62
2019-10-05,NJ,male,dog,34,623.73
2019-10-05,NJ,female,dog,46,449.69
2019-10-05,NJ,female,cat,45,704.34
2019-09-07,NJ,male,cat,37,637.77
2019-09-21,CT,male,bird,42,201.28
2019-09-14,NY,male,dog,29,334.22
2019-09-21,NJ,female,dog,35,74.5
2019-09-21,CT,female,cat,21,123.77
2019-09-21,NY,female,dog,48,533.48
2019-09-07,NY,female,cat,37,488.12
2019-09-21,CT,male,dog,40,483.22
2019-10-05,PA,female,cat,35,867.48
2019-09-14,NJ,male,cat,45,466.86
2019-10-05,NJ,female,dog,54,734.99
2019-10-12,CT,male,cat,36,522.32
2019-09-07,NJ,female,dog,53,473.34
2019-09-21,PA,female,cat,33,750.51
2019-09-28,NY,female,bird,51,572.87
2019-10-12,PA,female,dog,43,529.73
2019-10-05,PA,male,cat,33,285.1
2019-09-07,CT,female,cat,50,632.36
2019-09-21,PA,female,cat,30,569.55
2019-09-07,CT,female,dog,59,224.41
2019-10-05,CT,male,dog,41,347.44
2019-10-12,NJ,female,dog,50,63.54
2019-10-05,CT,male,dog,42,424.17
2019-09-07,NY,female,bird,41,305.16
2019-09-07,NJ,male,cat,33,686.39
2019-09-28,NY,male,cat,32,545.79
2019-09-28,PA,male,dog,36,361.17
2019-09-21,NY,female,dog,41,562.17
2019-09-21,PA,male,dog,47,376.16
2019-09-07,CT,female,cat,42,820.52
2019-09-14,CT,male,dog,55,570.3
2019-09-28,PA,male,dog,27,254.45
2019-10-05,NY,female,dog,42,355.24
2019-10-12,PA,male,cat,35,705.23
2019-09-28,NY,male,dog,40,399.75
2019-09-07,PA,female,cat,45,160.99
2019-09-14,CT,female,bird,42,950.49
2019-09-28,NY,female,dog,44,318.79
2019-10-05,PA,female,cat,50,697.88
2019-10-05,NY,male,bird,31,522.7
2019-09-07,NY,male,cat,33,504.46
2019-09-07,NJ,female,cat,36,502.11
2019-09-28,PA,male,dog,53,618.23
2019-10-12,PA,male,cat,26,764.98
2019-09-07,PA,female,dog,33,543.69
2019-10-12,CT,female,dog,54,750.44
2019-10-12,PA,female,cat,44,508.52
2019-10-05,NJ,male,cat,45,556.48
2019-09-07,NY,female,dog,42,553.0
2019-10-05,NY,female,cat,43,531.26
2019-09-14,PA,female,cat,39,450.01
2019-09-14,NJ,male,cat,32,482.2
2019-09-14,NY,female,dog,44,485.64
2019-09-28,PA,female,cat,36,259.91
2019-10-12,CT,male,cat,37,954.19
2019-10-05,NY,male,cat,30,364.06
2019-09-14,NY,male,dog,51,658.68
2019-10-05,CT,female,dog,37,339.9
2019-10-12,NJ,female,cat,57,410.73
2019-10-05,PA,male,dog,44,645.34
2019-09-14,NJ,female,cat,35,237.38
2019-09-28,NJ,male,cat,18,217.98
2019-10-12,PA,female,bird,32,478.47
2019-09-28,NJ,male,dog,26,233.98
2019-10-05,PA,female,cat,36,79.88
2019-09-28,CT,female,dog,40,645.53
2019-09-07,NY,male,bird,27,16.09
2019-10-05,NY,female,dog,45,770.63
2019-10-05,PA,male,cat,39,579.78
2019-09-28,CT,female,cat,34,220.17
2019-09-14,PA,female,cat,44,989.39
2019-09-07,PA,female,dog,33,234.52
2019-10-05,CT,male,bird,40,478.56
2019-09-14,NJ,male,bird,37,671.62
2019-09-07,CT,male,cat,45,601.29
2019-09-07,PA,male,dog,33,1089.89
2019-10-05,NJ,female,cat,43,773.25
2019-09-28,PA,female,cat,22,799.57
2019-09-21,PA,female,cat,48,89.61
2019-09-14,NJ,male,dog,41,922.05
2019-09-07,PA,male,bird,38,686.84
2019-09-21,NY,female,cat,39,714.8
2019-09-28,NY,female,cat,21,344.11
2019-10-05,NY,male,cat,34,893.52
2019-09-14,CT,female,dog,43,475.27
2019-10-12,PA,female,cat,53,483.49
2019-10-05,NY,female,dog,46,632.17
2019-10-05,PA,female,dog,48,487.51
2019-09-07,NJ,female,dog,43,829.86
2019-09-28,CT,female,cat,25,188.33
2019-09-07,NJ,male,dog,45,574.4
2019-09-21,CT,male,cat,49,67.4
2019-09-21,NJ,male,dog,31,507.14
2019-09-21,PA,male,cat,44,346.85
2019-09-28,PA,female,dog,40,593.6
2019-09-07,NY,female,dog,53,479.16
2019-09-21,NJ,female,dog,48,775.41
2019-09-07,NY,male,bird,53,684.98
2019-09-14,PA,male,cat,58,385.03
2019-09-07,PA,female,cat,25,210.9
2019-09-07,NY,female,dog,53,648.65
2019-10-05,NY,female,cat,40,473.07
2019-09-21,PA,female,cat,49,423.77
2019-09-28,NY,female,cat,32,545.94
2019-10-05,PA,female,cat,24,282.04
2019-09-07,PA,male,dog,30,27.36
2019-10-12,PA,female,dog,44,38.07
2019-09-28,NY,female,cat,31,687.98
2019-09-07,NY,female,cat,49,650.78
2019-09-07,NY,male,cat,30,415.68
2019-09-21,NY,male,cat,38,915.42
2019-09-28,PA,female,dog,43,670.55
2019-10-05,PA,female,cat,27,913.52
2019-09-14,NY,male,dog,28,638.27
2019-10-12,NJ,male,cat,52,447.71
2019-09-21,PA,female,dog,36,518.65
2019-10-12,PA,male,cat,36,490.71
2019-09-21,CT,female,bird,47,22.5
2019-09-21,NY,male,dog,30,404.7
2019-09-21,NY,female,bird,33,459.76
2019-09-14,NY,male,cat,44,387.87
2019-10-05,CT,female,cat,31,297.56
2019-09-07,NJ,male,dog,54,649.63
2019-09-14,NY,male,cat,42,829.12
2019-09-07,NY,male,cat,34,725.44
2019-09-07,PA,male,dog,49,500.17
2019-09-21,NJ,male,cat,45,719.06
2019-09-28,NJ,male,dog,70,532.29
2019-09-21,CT,female,dog,42,90.8
2019-09-28,PA,female,dog,30,527.39
2019-09-07,NJ,female,bird,40,631.5
2019-09-07,CT,male,cat,43,393.41
2019-09-21,CT,female,cat,38,429.4
2019-09-28,CT,male,dog,24,654.19
2019-09-28,NJ,male,cat,28,843.47
2019-09-07,NY,male,cat,38,443.62
2019-10-12,NY,male,dog,40,754.07
2019-10-05,PA,male,cat,36,247.23
2019-09-07,NJ,male,cat,33,494.93
2019-09-14,NY,male,cat,29,754.65
2019-09-28,NJ,male,cat,29,187.07
2019-09-07,CT,male,cat,51,195.49
2019-10-05,NJ,female,dog,41,513.48
2019-09-21,NJ,female,cat,43,515.72
2019-09-07,CT,male,bird,44,566.94
2019-10-12,NY,male,cat,34,686.79
2019-09-21,PA,male,dog,48,921.98
2019-09-28,CT,female,cat,53,433.21
2019-09-28,PA,female,dog,13,450.26
2019-09-21,NY,female,cat,30,788.64
2019-09-07,NJ,female,cat,56,519.83
2019-10-05,PA,female,cat,34,1191.59
2019-10-05,PA,male,dog,48,720.75
2019-10-05,PA,male,bird,53,674.76
2019-09-14,CT,female,dog,31,61.83
2019-09-07,PA,female,dog,36,471.02
2019-10-05,PA,female,cat,41,425.52
2019-09-21,NJ,male,dog,30,793.71
2019-09-07,CT,male,dog,54,159.53
2019-09-28,CT,female,cat,42,468.87
2019-09-14,NY,female,bird,41,574.1
2019-09-28,NJ,female,dog,42,673.65
2019-09-21,NY,female,cat,48,724.85
2019-09-07,NY,male,dog,41,550.57
2019-10-05,CT,female,cat,51,310.31
2019-09-21,CT,female,cat,34,519.24
2019-10-05,NY,female,dog,39,797.8
2019-09-07,NY,female,cat,37,502.89
2019-10-05,PA,male,cat,47,465.99
2019-09-28,CT,male,dog,41,716.3
2019-09-21,NY,male,cat,49,724.3
2019-10-05,CT,female,bird,25,630.95
2019-09-14,NJ,male,dog,31,579.4
2019-09-21,PA,female,dog,39,650.77
2019-09-14,NJ,male,dog,16,350.89
2019-09-14,NJ,female,cat,62,75.57
2019-10-12,CT,male,cat,41,410.18
2019-09-14,NJ,female,dog,45,414.99
2019-10-12,NY,female,cat,35,485.86
2019-10-05,NJ,female,cat,49,631.62
2019-09-14,NY,female,dog,49,899.08
2019-09-21,NY,male,dog,45,706.93
2019-09-07,NY,female,dog,36,970.21
2019-09-14,NJ,male,dog,37,397.16
2019-09-14,NJ,male,bird,24,507.06
2019-09-07,CT,male,cat,33,698.67
2019-10-05,NY,male,cat,31,768.66
2019-10-05,NJ,female,dog,35,592.23
2019-09-21,CT,female,cat,35,17.04
2019-09-14,NJ,female,bird,47,762.49
2019-09-07,NJ,female,cat,39,452.04
2019-10-12,CT,male,cat,32,533.53
2019-09-28,PA,female,dog,50,911.4
2019-09-14,PA,female,bird,25,526.78
2019-09-28,PA,female,cat,34,466.88
2019-10-05,NY,male,cat,39,176.51
2019-10-12,PA,male,cat,45,376.35
2019-09-21,NJ,female,dog,49,629.89
2019-10-05,NJ,male,cat,40,445.62
2019-10-12,NJ,female,cat,40,618.37
2019-09-28,NJ,female,cat,25,574.68
2019-10-05,NY,female,dog,52,671.02
2019-09-21,PA,female,cat,51,551.86
2019-09-21,PA,male,cat,42,454.37
2019-09-21,PA,male,cat,48,535.74
2019-09-14,CT,female,dog,40,919.87
2019-10-05,NY,female,bird,27,1337.77
2019-09-14,CT,female,cat,40,530.9
2019-09-21,NY,female,cat,42,643.83
2019-10-05,NJ,male,cat,47,398.23
2019-09-21,CT,male,dog,32,714.6
2019-10-05,PA,male,cat,54,5.8
2019-10-05,NJ,male,dog,47,473.48
2019-10-05,CT,male,bird,32,611.2
2019-10-12,NJ,male,bird,56,114.23
2019-09-28,NJ,male,dog,37,417.31
2019-09-28,NY,female,bird,53,369.45
2019-10-05,CT,male,cat,34,701.4
2019-10-12,PA,male,cat,40,442.0
2019-10-12,PA,female,cat,39,336.23
2019-09-14,CT,female,cat,52,718.41
2019-09-14,CT,male,dog,39,238.07
2019-09-07,CT,female,cat,47,394.5
2019-09-07,NJ,female,bird,47,155.41
2019-10-05,PA,female,cat,32,688.57
2019-09-21,NY,male,cat,46,367.12
2019-09-21,NJ,male,bird,52,25.98
2019-09-14,NY,female,cat,35,343.38
2019-09-28,NJ,male,cat,31,353.4
2019-09-28,NY,female,cat,49,396.69
2019-09-14,NJ,female,cat,47,461.06
2019-10-12,PA,female,dog,52,554.42
2019-10-12,CT,male,dog,48,817.35
2019-10-12,NY,female,dog,32,84.43
2019-10-12,NJ,male,dog,52,618.66
2019-10-12,NY,female,cat,63,649.93
2019-10-12,CT,male,cat,38,634.44
2019-09-28,NJ,female,cat,52,800.94
2019-09-28,NY,male,dog,56,485.16
2019-09-07,NJ,male,dog,39,264.2
2019-09-28,CT,male,dog,31,695.67
2019-10-12,NY,male,dog,32,613.47
2019-09-07,NJ,female,dog,29,384.55
2019-09-28,CT,female,cat,55,488.14
2019-10-05,NY,female,bird,41,389.36
2019-09-07,PA,female,cat,37,622.33
2019-10-05,PA,male,dog,58,477.69
2019-10-12,CT,male,dog,25,522.17
2019-09-21,NY,female,cat,48,435.0
2019-09-14,NY,female,cat,53,509.19
2019-09-14,NJ,female,cat,48,302.27
2019-09-07,CT,male,cat,56,370.8
2019-09-21,CT,male,cat,42,1056.45
2019-10-12,CT,female,cat,28,84.65
2019-09-14,NY,male,cat,33,157.18
2019-09-07,NY,male,dog,34,122.9
2019-09-07,NY,female,cat,43,435.8
2019-09-21,NY,female,dog,47,478.15
2019-10-05,PA,female,cat,30,261.27
2019-09-07,NY,male,bird,47,454.49
2019-10-12,NY,female,dog,51,418.88
2019-10-12,NY,male,bird,29,2.1
2019-09-21,NJ,female,cat,39,668.94
2019-09-28,NY,female,cat,28,678.27
2019-09-07,NJ,female,cat,29,320.86
2019-09-07,PA,female,dog,27,287.47
2019-10-05,CT,male,dog,44,410.53
2019-09-21,PA,male,bird,45,674.55
2019-10-12,NY,female,bird,58,134.89
2019-10-12,NY,female,bird,45,87.39
2019-09-28,NJ,male,bird,35,783.75
2019-09-28,PA,female,cat,45,642.53
2019-09-14,CT,female,dog,15,307.57
2019-09-14,NY,female,dog,42,544.9
2019-10-12,NY,female,dog,41,481.82
2019-09-14,NY,female,cat,47,558.13
2019-09-21,NY,female,dog,46,409.57
2019-10-05,NJ,female,cat,58,387.02
2019-09-07,CT,male,cat,31,560.99
2019-10-05,PA,female,cat,43,119.64
2019-09-21,NJ,male,dog,46,430.21
2019-10-12,PA,female,cat,33,488.43
2019-10-12,NJ,male,cat,25,611.42
2019-10-05,NJ,male,dog,23,616.91
2019-09-28,PA,female,dog,55,1278.29
2019-10-12,NY,female,dog,43,136.6
2019-09-21,NY,male,cat,40,523.41
2019-09-28,NY,male,cat,35,371.59
2019-09-28,CT,female,dog,32,784.35
2019-09-28,NY,female,cat,48,555.0
2019-09-14,CT,female,cat,45,767.49
2019-09-28,CT,male,dog,39,239.28
2019-10-12,NY,male,cat,37,456.36
2019-09-28,NY,female,dog,26,306.62
2019-09-28,NY,male,cat,48,817.95
2019-10-12,PA,male,dog,44,463.54
2019-09-14,PA,female,cat,51,461.35
2019-10-05,CT,female,dog,47,645.24
2019-09-28,NJ,female,cat,52,256.56
2019-09-21,PA,male,cat,39,616.5
2019-09-21,NJ,male,cat,56,644.79
2019-09-14,PA,female,dog,38,70.01
2019-10-05,PA,female,cat,45,688.98
2019-10-12,NY,male,cat,39,418.59
2019-09-28,NJ,male,cat,34,284.91
2019-09-07,NJ,male,dog,39,297.17
2019-10-12,PA,female,cat,46,223.91
2019-10-12,NJ,female,bird,34,271.17
2019-09-28,CT,female,cat,52,194.35
2019-09-07,PA,female,cat,39,336.66
2019-10-12,PA,female,dog,41,255.59
2019-10-12,NJ,male,dog,51,195.05
2019-09-07,PA,male,cat,36,626.35
2019-09-14,NJ,male,dog,47,448.58
2019-10-12,NJ,female,cat,23,721.71
2019-09-28,PA,male,dog,34,158.34
2019-09-28,NY,male,dog,47,476.46
2019-09-21,NJ,male,cat,42,450.91
2019-10-05,NJ,female,bird,42,259.41
2019-09-14,NJ,female,dog,40,95.4
2019-10-12,NJ,male,dog,33,543.99
2019-09-28,NJ,female,bird,48,927.17
2019-09-07,CT,male,cat,48,238.31
2019-09-07,NY,male,dog,53,441.63
2019-09-28,NJ,male,bird,40,675.87
2019-10-12,NJ,female,dog,42,569.07
2019-10-12,CT,female,cat,31,221.76
2019-09-28,PA,male,dog,28,349.55
2019-10-12,NJ,male,cat,24,570.87
2019-09-21,NJ,female,dog,46,479.88
2019-10-12,PA,male,bird,33,53.59
2019-09-14,CT,male,bird,31,813.69
2019-10-12,PA,male,cat,56,37.65
2019-09-07,PA,female,dog,45,699.03
2019-09-14,NJ,male,bird,26,273.89
2019-09-21,NJ,female,cat,39,721.55
2019-10-05,NJ,female,cat,53,359.39
2019-09-07,NJ,male,cat,45,230.73
2019-10-05,CT,female,dog,53,463.44
2019-10-12,NJ,male,cat,42,833.69
2019-09-28,CT,male,dog,54,827.03
2019-09-07,PA,female,bird,29,416.38
2019-09-07,NY,female,dog,59,508.83
2019-09-28,NY,male,cat,47,892.27
2019-09-28,NJ,male,cat,24,589.23
2019-10-05,CT,male,cat,48,897.01
2019-09-07,NY,male,cat,37,253.28
2019-10-12,NJ,female,cat,50,445.34
2019-10-12,NJ,female,dog,55,629.45
2019-09-07,NJ,male,cat,31,434.38
2019-09-28,NY,female,cat,47,800.99
2019-10-12,CT,male,cat,36,678.15
2019-10-12,NJ,male,cat,41,530.73
2019-10-05,NY,female,dog,27,699.45
2019-09-07,CT,female,dog,29,608.72
2019-09-28,NJ,male,dog,37,201.88
2019-09-14,NY,male,dog,38,446.46
2019-10-05,CT,female,dog,44,262.36
